{
    "lucidity": [
        [
            0.3999999761581421,
            0.10000002384185791,
            [
                0.3999999761581421,
                0.2999999523162842,
                0.20000004768371582,
                0.2999999523162842,
                0.20000004768371582,
                0.30000007152557373,
                0.2999999523162842,
                0.2999999523162842,
                0.2999999523162842,
                0.20000004768371582
            ]
        ],
        [
            0.3999999761581421,
            0.10000002384185791,
            [
                0.30000007152557373,
                0.2999999523162842,
                0.2999999523162842,
                0.20000004768371582,
                0.40000009536743164,
                0.2999999523162842,
                0.20000004768371582,
                0.20000004768371582,
                0.30000007152557373,
                0.19999992847442627
            ]
        ],
        [
            0.2999999523162842,
            0.10000002384185791,
            [
                0.3999999761581421,
                0.30000007152557373,
                0.2999999523162842,
                0.2999999523162842,
                0.2999999523162842,
                0.09999990463256836,
                0.09999990463256836,
                0.30000007152557373,
                0.19999992847442627,
                0.2999999523162842
            ]
        ]
    ],
    "solid": [
        [
            2.200000047683716,
            0.2999999523162842,
            [
                0.5,
                0.5,
                0.40000009536743164,
                0.3999999761581421,
                0.30000007152557373,
                0.40000009536743164,
                0.2999999523162842,
                0.20000004768371582,
                0.3999999761581421,
                0.40000009536743164
            ]
        ],
        [
            1.3000000715255737,
            0.2999999523162842,
            [
                0.3999999761581421,
                0.3999999761581421,
                0.2999999523162842,
                0.2999999523162842,
                0.30000007152557373,
                0.2999999523162842,
                0.5999999046325684,
                0.2999999523162842,
                0.2999999523162842,
                0.20000004768371582
            ]
        ],
        [
            1.899999976158142,
            0.3999999761581421,
            [
                0.6000000238418579,
                0.3999999761581421,
                0.2999999523162842,
                0.5,
                0.30000007152557373,
                0.30000007152557373,
                0.30000007152557373,
                0.3999999761581421,
                0.3999999761581421,
                0.3999999761581421
            ]
        ]
    ],
    "react": [
        [
            0.19999992847442627,
            2.5,
            [
                2.899999976158142,
                1.2000000476837158,
                1.0999999046325684,
                1.4000000953674316,
                1.100000023841858,
                1.100000023841858,
                1.100000023841858,
                1.0999999046325684,
                1.7999999523162842,
                1
            ]
        ],
        [
            0.20000004768371582,
            2.299999952316284,
            [
                1.2999999523162842,
                1.100000023841858,
                1.2000000476837158,
                1.100000023841858,
                1,
                1.100000023841858,
                0.8999999761581421,
                1.2999999523162842,
                1.2000000476837158
            ]
        ],
        [
            0.2999999523162842,
            2.200000047683716,
            [
                3.100000023841858,
                1.2000000476837158,
                1.100000023841858,
                1,
                1.2000000476837158,
                1,
                1.1999999284744263,
                1.2000000476837158,
                1.0999999046325684,
                1.100000023841858
            ]
        ]
    ]
}